,DeepSeek-33B,Qwen2.5-Coder-32B,GPT-4o-Mini,CodeLlama-70B
SRP,59.854014598540154,89.01734104046243,99.73890339425587,55.639097744360896
OCP,35.897435897435905,58.82352941176471,74.50980392156863,44.534412955465584
LSP,14.492753623188403,44.534412955465584,65.26315789473685,28.571428571428577
ISP,19.71830985915493,67.12802768166091,71.14093959731544,13.592233009708737
DIP,1.0362694300518136,10.837438423645319,7.035175879396985,0.0
